-- phpMyAdmin SQL Dump
-- version 5.2.3
-- https://www.phpmyadmin.net/
--
-- Host: mysql
-- Generation Time: Apr 19, 2026 at 09:58 PM
-- Server version: 9.6.0
-- PHP Version: 8.3.30

SET SQL_MODE = "NO_AUTO_VALUE_ON_ZERO";
START TRANSACTION;
SET time_zone = "+00:00";


/*!40101 SET @OLD_CHARACTER_SET_CLIENT=@@CHARACTER_SET_CLIENT */;
/*!40101 SET @OLD_CHARACTER_SET_RESULTS=@@CHARACTER_SET_RESULTS */;
/*!40101 SET @OLD_COLLATION_CONNECTION=@@COLLATION_CONNECTION */;
/*!40101 SET NAMES utf8mb4 */;

--
-- Database: `jwt`
--

-- --------------------------------------------------------

--
-- Table structure for table `articles`
--

CREATE TABLE `articles` (
  `id` int NOT NULL,
  `title` varchar(255) COLLATE utf8mb4_unicode_ci NOT NULL,
  `description` text COLLATE utf8mb4_unicode_ci,
  `image` text COLLATE utf8mb4_unicode_ci,
  `content` longtext COLLATE utf8mb4_unicode_ci NOT NULL,
  `created_at` timestamp NULL DEFAULT CURRENT_TIMESTAMP,
  `updated_at` timestamp NULL DEFAULT CURRENT_TIMESTAMP ON UPDATE CURRENT_TIMESTAMP
) ENGINE=InnoDB DEFAULT CHARSET=utf8mb4 COLLATE=utf8mb4_unicode_ci;

--
-- Dumping data for table `articles`
--

INSERT INTO `articles` (`id`, `title`, `description`, `image`, `content`, `created_at`, `updated_at`) VALUES
(1, 'เซ็นทรัลพัฒนา เรซซิเด้นซ์ รุกแนวราบในกรุงเทพฯ มูลค่ากว่า 2.5 หมื่นล้าน', 'เซ็นทรัลพัฒนา เรซซิเด้นซ์ รุกตลาดแนวราบในกรุงเทพฯ มูลค่ารวมกว่า 2.5 หมื่นล้าน ครบทุกเซ็กเมนต์ ด้วย 4 แบรนด์ \"นิยาม-นิรดา-นินญา-นิรติ\" ตอกย้ำคุณภาพทุกมิติ', 'https://images.unsplash.com/photo-1486325212027-8081e485255e?w=600', '[PR News] 11 ปี เซ็นทรัลพัฒนา เรซซิเด้นซ์ 51 โครงการ 65,700 ล้านบาท ประกาศรุกตลาดแนวราบในกรุงเทพฯ มูลค่ารวมกว่า 25,340 ล้านบาท ครบทุกเซ็กเมนต์ ด้วย 4 แบรนด์\n\nร.อ.กรี เดชชัย กรรมการผู้จัดการใหญ่ ธุรกิจที่อยู่อาศัย บริษัท เซ็นทรัลพัฒนา จำกัด (มหาชน) เปิดเผยว่า เซ็นทรัลพัฒนา เรซซิเด้นซ์ ดำเนินธุรกิจพัฒนาโครงการที่อยู่อาศัยมากว่า 10 ปี\n\nกลยุทธ์หลัก 3 ด้าน:\n1. Location-Led Strategy การเลือกทำเลศักยภาพให้กลายเป็นพื้นที่อยู่อาศัยคุณภาพ\n2. Brand Portfolio Strategy การสร้างเอกลักษณ์ของแต่ละแบรนด์อย่างชัดเจน\n3. Customer-Centric Experience การสร้างประสบการณ์ก่อนและหลังการขาย', '2026-04-19 09:35:58', '2026-04-19 09:35:58'),
(2, 'เซ็นทรัลพัฒนาฯ เปิดตัว บ้านนินญา รามอินทรา 83 บ้านเดี่ยวระดับพรีเมียม', 'เซ็นทรัลพัฒนา เรซซิเด้นซ์ เปิดตัวโครงการบ้านแนวคิดใหม่ บ้านนินญา รามอินทรา 83 บ้านเดี่ยว 3 ชั้น ระดับพรีเมียมที่ออกแบบมาเพื่อตอบโจทย์วิถีชีวิตของครอบครัวยุคใหม่', 'https://images.unsplash.com/photo-1600585154340-be6161a56a0c?w=600', 'บ้านนินญา รามอินทรา 83 เป็นโครงการบ้านเดี่ยว 3 ชั้น ระดับพรีเมียม บนทำเลรามอินทรา\n\nจุดเด่นของโครงการ:\n- บ้านเดี่ยว 3 ชั้น พื้นที่ใช้สอย 320–450 ตร.ม.\n- ระบบความปลอดภัย 7 ระดับ\n- สิทธิพิเศษ Central Citizens เข้าถึงสิทธิประโยชน์จากเครือเซ็นทรัล\n- ทีมบริหารนิติบุคคลมืออาชีพดูแลตลอด 24 ชั่วโมง', '2026-04-19 09:35:58', '2026-04-19 09:35:58'),
(3, 'อนันดาฯ จับมือ ดิ แอสคอทท์ ลิมิเต็ด ชูแบรนด์ \"คัลเจอร์\" ยกระดับคอนโด', 'อนันดาฯ ชูแบรนด์ คัลเจอร์ ผนึกกำลังพันธมิตรระดับโลก ดิ แอสคอทท์ ลิมิเต็ด ยกระดับคอนโดสู่ประสบการณ์การอยู่อาศัยมาตรฐานโรงแรม 5 ดาว', 'https://images.unsplash.com/photo-1560448204-e02f11c3d0e2?w=600', 'อนันดา ดีเวลลอปเม้นท์ จับมือ ดิ แอสคอทท์ ลิมิเต็ด พัฒนาแบรนด์คอนโด \"คัลเจอร์\"\n\nไฮไลต์ความร่วมมือ:\n- บริการ Serviced Residence มาตรฐาน Ascott\n- สิ่งอำนวยความสะดวกครบครัน เช่น ฟิตเนส สระว่ายน้ำ ห้องประชุม\n- ทำเลกลางเมือง ใกล้รถไฟฟ้า BTS/MRT\n- เหมาะสำหรับนักลงทุนและผู้ต้องการ lifestyle ระดับพรีเมียม', '2026-04-19 09:35:58', '2026-04-19 09:35:58'),
(4, 'ลดหย่อนภาษี 2568 เอกสารยื่นภาษี 2568 ที่ต้องใช้ หักลดหย่อนอะไรได้บ้าง', 'ลดหย่อนภาษี 2568 กับกรมสรรพากร เตรียมความพร้อมก่อนยื่นภาษี 2568 ได้ถึงเมื่อไหร่ ยื่นภาษีล่าช้ามีโทษอย่างไร', 'https://images.unsplash.com/photo-1554224155-8d04cb21cd6c?w=600', 'สรุปสิทธิลดหย่อนภาษีเงินได้บุคคลธรรมดา ปีภาษี 2568\n\nรายการลดหย่อนหลัก:\n1. ค่าลดหย่อนส่วนตัว 60,000 บาท\n2. ค่าลดหย่อนคู่สมรส 60,000 บาท\n3. ค่าลดหย่อนบุตร คนละ 30,000 บาท (สูงสุด 3 คน)\n4. ดอกเบี้ยเงินกู้บ้าน สูงสุด 100,000 บาท\n5. เบี้ยประกันชีวิต สูงสุด 100,000 บาท\n6. กองทุน RMF/SSF ตามเงื่อนไขกำหนด\n\nเอกสารที่ต้องใช้:\n- ใบแสดงรายได้ (50 ทวิ)\n- สลิปเงินเดือน\n- ใบเสร็จเบี้ยประกัน\n- หนังสือรับรองดอกเบี้ยจากธนาคาร', '2026-04-19 09:35:58', '2026-04-19 09:35:58'),
(5, 'สิงห์ เอสเตท เปิด 4 แกนหลักสร้างธุรกิจที่สมดุล-สร้างคุณค่าที่ยั่งยืน', 'สิงห์ เอสเตท เปิดทิศทางการขับเคลื่อน 4 แกนหลักสร้างธุรกิจที่สมดุล เดินหน้าขับเคลื่อนองค์กรด้วยกลยุทธ์ที่ให้ความสำคัญกับ \"การสร้างคุณค่าให้ชีวิต\"', 'https://images.unsplash.com/photo-1503387762-592deb58ef4e?w=600', 'สิงห์ เอสเตท ประกาศทิศทางธุรกิจ 4 แกนหลัก มุ่งสร้างความสมดุลและคุณค่าระยะยาว\n\n4 แกนหลักของสิงห์ เอสเตท:\n1. Residential ที่อยู่อาศัยคุณภาพสูง ครบทุกระดับราคา\n2. Commercial อสังหาริมทรัพย์เชิงพาณิชย์ที่สร้างรายได้ต่อเนื่อง\n3. Hospitality โรงแรมและรีสอร์ทระดับพรีเมียมทั้งในและต่างประเทศ\n4. Overseas ขยายการลงทุนในต่างประเทศ ยุโรป และเอเชีย\n\nวิสัยทัศน์ปี 2568-2570:\n- รายได้รวมเติบโต 15% ต่อปี\n- พอร์ตโฟลิโอ ESG ที่แข็งแกร่ง\n- เปิดโครงการใหม่ทุกไตรมาส', '2026-04-19 09:35:58', '2026-04-19 09:35:58');

-- --------------------------------------------------------

--
-- Table structure for table `property`
--

CREATE TABLE `property` (
  `ID` int NOT NULL,
  `name` varchar(255) CHARACTER SET utf8mb4 COLLATE utf8mb4_unicode_ci NOT NULL,
  `images` json NOT NULL,
  `price` decimal(15,2) NOT NULL,
  `detail` text COLLATE utf8mb4_unicode_ci NOT NULL,
  `address` text CHARACTER SET utf8mb4 COLLATE utf8mb4_unicode_ci NOT NULL,
  `province` varchar(100) CHARACTER SET utf8mb4 COLLATE utf8mb4_unicode_ci NOT NULL,
  `district` varchar(100) CHARACTER SET utf8mb4 COLLATE utf8mb4_unicode_ci NOT NULL,
  `subdistrict` varchar(100) CHARACTER SET utf8mb4 COLLATE utf8mb4_unicode_ci NOT NULL,
  `bedrooms` int NOT NULL,
  `bathrooms` int NOT NULL,
  `land_size` decimal(10,2) NOT NULL,
  `floors` int NOT NULL,
  `property_type` varchar(50) CHARACTER SET utf8mb4 COLLATE utf8mb4_unicode_ci NOT NULL,
  `post_at` timestamp NOT NULL DEFAULT CURRENT_TIMESTAMP,
  `seller_id` int NOT NULL,
  `sale_type` varchar(50) COLLATE utf8mb4_unicode_ci DEFAULT NULL,
  `description` text COLLATE utf8mb4_unicode_ci,
  `latitude` double DEFAULT NULL,
  `longitude` double DEFAULT NULL,
  `nearby_places` text COLLATE utf8mb4_unicode_ci
) ENGINE=InnoDB DEFAULT CHARSET=utf8mb4 COLLATE=utf8mb4_unicode_ci;

--
-- Dumping data for table `property`
--

INSERT INTO `property` (`ID`, `name`, `images`, `price`, `detail`, `address`, `province`, `district`, `subdistrict`, `bedrooms`, `bathrooms`, `land_size`, `floors`, `property_type`, `post_at`, `seller_id`, `sale_type`, `description`, `latitude`, `longitude`, `nearby_places`) VALUES
(1, 'บ้านหนองกึม', '[\"https://plus.unsplash.com/premium_photo-1684338795288-097525d127f0?q=80&w=1742&auto=format&fit=crop&ixlib=rb-4.1.0&ixid=M3wxMjA3fDB8MHxwaG90by1wYWdlfHx8fGVufDB8fHx8fA%3D%3D\"]', 20000000.00, '', 'ลาดพร้าว 15 แยก 2-4\r\nเขต จตุจักร แขวงจอมพล กรุงเทพ 10900', 'กรุงเทพ', 'จตุจักร', 'จอมพล', 5, 5, 100.00, 2, 'บ้านเดี่ยว', '2026-04-08 16:36:17', 9, 'บ้าน', 'homeสำหรับขาย บ้าน 2 ชั้น 5 ห้องนอน 5 ห้องน้ำ พื้นที่ใช้สอย 100 ตร.ม. ตั้งอยู่ในจตุจักร จังหวัดกรุงเทพ สิ่งอำนวยความสะดวกครบครัน ราคา 20,000,000 บาท ()', 13.7293, 100.4808, NULL),
(2, 'บ้านไพบูลสิริ', '[\"https://images.unsplash.com/photo-1586023492125-27b2c045efd7?q=80&w=1258&auto=format&fit=crop&ixlib=rb-4.1.0&ixid=M3wxMjA3fDB8MHxwaG90by1wYWdlfHx8fGVufDB8fHx8fA%3D%3D\"]', 123600.00, 'บ้านหรูใจกลางบางกอกใหญ่ ใกล้ MRT', '225/1 อิสรภาพ แขวงวัดท่าพระ เขตบางกอกใหญ่ กรุงเทพมหานคร 10600', 'กรุงเทพมหานคร', 'บางกอกใหญ่', 'วัดท่าพระ', 3, 2, 100.00, 2, 'บ้านเดี่ยว', '2026-04-17 11:15:49', 5, 'ขาย', 'บ้านสำหรับขาย บ้าน 2 ชั้น 3 ห้องนอน 2 ห้องน้ำ พื้นที่ใช้สอย 100 ตร.ม. ตั้งอยู่ใน จังหวัด สิ่งอำนวยความสะดวกครบครัน ราคา 123,456 บาท (Testing direct property create)', 13.7323, 100.4838, '[]'),
(3, 'วิลล่า AAA', '[\"https://images.unsplash.com/photo-1613490493576-7fde63acd811?w=400\"]', 3250000.00, 'วิลล่าหรูใจกลางเมือง ทำเลดี วิวสวย', '12/34 ถ.สาทร ช่องนนทรี ยานนาวา กรุงเทพฯ 10120', 'กรุงเทพมหานคร', 'ยานนาวา', 'ช่องนนทรี', 2, 2, 50.00, 2, 'วิลล่า', '2026-03-18 09:00:00', 5, 'ขาย', 'วิลล่าสำหรับขาย บ้าน 2 ชั้น 2 ห้องนอน 2 ห้องน้ำ พื้นที่ใช้สอย 50 ตร.ม. ตั้งอยู่ในยานนาวา จังหวัดกรุงเทพมหานคร สระว่ายน้ำส่วนตัว สวนขนาดใหญ่ ระบบสมาร์ทโฮม ราคา 3,250,000 บาท (วิลล่าหรูใจกลางเมือง ทำเลดี วิวสวย)', 13.7353, 100.4868, NULL),
(4, 'คอนโดมิเนียมสกายไลน์', '[\"https://images.unsplash.com/photo-1580587771525-78b9dba3b914?w=400\"]', 2200000.00, 'คอนโดวิวเมือง ชั้นสูง ใกล้ BTS', '243 ถ.สุขุมวิท คลองเตยเหนือ คลองเตย กรุงเทพฯ 10110', 'กรุงเทพมหานคร', 'คลองเตย', 'คลองเตยเหนือ', 1, 1, 30.00, 18, 'คอนโดมิเนียม', '2026-03-19 10:00:00', 5, 'เช่า', 'คอนโดมิเนียมให้เช่า บ้าน 18 ชั้น 1 ห้องนอน 1 ห้องน้ำ พื้นที่ใช้สอย 30 ตร.ม. ตั้งอยู่ในคลองเตย จังหวัดกรุงเทพมหานคร มีสระว่ายน้ำ ฟิตเนส ระบบรักษาความปลอดภัย 24 ชม. ราคา 2,200,000 บาท (คอนโดวิวเมือง ชั้นสูง ใกล้ BTS)', 13.7383, 100.4898, NULL),
(5, 'คอนโดศุภาลัยเออร์เบิร์น', '[\"https://images.unsplash.com/photo-1560448204-e02f11c3d0e2?w=400\"]', 3450000.00, 'คอนโดพร้อมอยู่ ตกแต่งสวย ใกล้แม่น้ำเจ้าพระยา', '88 ถ.พระราม 3 บางโคล่ บางคอแหลม กรุงเทพฯ 10120', 'กรุงเทพมหานคร', 'บางคอแหลม', 'บางโคล่', 2, 1, 46.00, 21, 'คอนโดมิเนียม', '2026-03-20 08:30:00', 5, 'ขาย', 'คอนโดมิเนียมสำหรับขาย บ้าน 21 ชั้น 2 ห้องนอน 1 ห้องน้ำ พื้นที่ใช้สอย 46 ตร.ม. ตั้งอยู่ในบางคอแหลม จังหวัดกรุงเทพมหานคร มีสระว่ายน้ำ ฟิตเนส ระบบรักษาความปลอดภัย 24 ชม. ราคา 3,450,000 บาท (คอนโดพร้อมอยู่ ตกแต่งสวย ใกล้แม่น้ำเจ้าพระยา)', 13.7413, 100.4928, NULL),
(6, 'คอนโดอินฟินิตี้ทาวเวอร์', '[\"https://images.unsplash.com/photo-1600047509807-ba8f99d2cdde?w=400\"]', 1980000.00, 'คอนโดชั้นสูง วิวพาโนรามา ใกล้ MRT', '45 ถ.รัชดาภิเษก ห้วยขวาง กรุงเทพฯ 10310', 'กรุงเทพมหานคร', 'ห้วยขวาง', 'ห้วยขวาง', 1, 1, 28.00, 30, 'คอนโดมิเนียม', '2026-03-21 14:00:00', 5, 'ขาย', 'คอนโดมิเนียมสำหรับขาย บ้าน 30 ชั้น 1 ห้องนอน 1 ห้องน้ำ พื้นที่ใช้สอย 28 ตร.ม. ตั้งอยู่ในห้วยขวาง จังหวัดกรุงเทพมหานคร มีสระว่ายน้ำ ฟิตเนส ระบบรักษาความปลอดภัย 24 ชม. ราคา 1,980,000 บาท (คอนโดชั้นสูง วิวพาโนรามา ใกล้ MRT)', 13.7443, 100.4958, NULL),
(7, 'คอนโดมิเนียมโอเชียนไลน์', '[\"https://images.unsplash.com/photo-1499916078039-922301b0eb9b?w=400\"]', 1250000.00, 'คอนโดริมทะเล วิวมหาสมุทร บรรยากาศดี', '204 ถ.ชายหาด หนองปรือ บางละมุง ชลบุรี 20150', 'ชลบุรี', 'บางละมุง', 'หนองปรือ', 0, 1, 26.00, 17, 'คอนโดมิเนียม', '2026-03-22 11:00:00', 5, 'เช่า', 'คอนโดมิเนียมให้เช่า บ้าน 17 ชั้น แบบ Studio 1 ห้องน้ำ พื้นที่ใช้สอย 26 ตร.ม. ตั้งอยู่ในบางละมุง จังหวัดชลบุรี มีสระว่ายน้ำ ฟิตเนส ระบบรักษาความปลอดภัย 24 ชม. ราคา 1,250,000 บาท (คอนโดริมทะเล วิวมหาสมุทร บรรยากาศดี)', 13.3521, 100.9817, NULL),
(8, 'คอนโดเมโทรซิตี้', '[\"https://images.unsplash.com/photo-1527030280862-64139fba04ca?w=400\"]', 1650000.00, 'คอนโดใจกลางเมืองเชียงใหม่ ใกล้นิมมาน', '55 ถ.เชียงใหม่ ไชยา เมืองเชียงใหม่ เชียงใหม่ 50100', 'เชียงใหม่', 'เมืองเชียงใหม่', 'ไชยา', 1, 1, 30.00, 9, 'คอนโดมิเนียม', '2026-03-23 09:30:00', 7, 'ขาย', 'คอนโดมิเนียมสำหรับขาย บ้าน 9 ชั้น 1 ห้องนอน 1 ห้องน้ำ พื้นที่ใช้สอย 30 ตร.ม. ตั้งอยู่ในเมืองเชียงใหม่ จังหวัดเชียงใหม่ มีสระว่ายน้ำ ฟิตเนส ระบบรักษาความปลอดภัย 24 ชม. ราคา 1,650,000 บาท (คอนโดใจกลางเมืองเชียงใหม่ ใกล้นิมมาน)', 18.7823, 98.9853, NULL),
(9, 'คอนโดซีนิธ', '[\"https://images.unsplash.com/photo-1599423300746-b62533397364?w=400\"]', 2900000.00, 'คอนโดติดถนนบางนา ใกล้สนามบิน', 'ถ.บางนา-ตราด บางนา กรุงเทพฯ 10260', 'กรุงเทพมหานคร', 'บางนา', 'บางนา', 2, 1, 42.00, 15, 'คอนโดมิเนียม', '2026-03-24 16:00:00', 7, 'ขาย', 'คอนโดมิเนียมสำหรับขาย บ้าน 15 ชั้น 2 ห้องนอน 1 ห้องน้ำ พื้นที่ใช้สอย 42 ตร.ม. ตั้งอยู่ในบางนา จังหวัดกรุงเทพมหานคร มีสระว่ายน้ำ ฟิตเนส ระบบรักษาความปลอดภัย 24 ชม. ราคา 2,900,000 บาท (คอนโดติดถนนบางนา ใกล้สนามบิน)', 13.7533, 100.5048, NULL),
(10, 'คอนโดบลูเพิร์ล', '[\"https://images.unsplash.com/photo-1600585154340-be6161a56a0c?w=400\"]', 1350000.00, 'คอนโดภูเก็ต วิวทะเล ใกล้ Old Town', 'ถ.เจ้าฟ้า ตลาดใหญ่ เมืองภูเก็ต ภูเก็ต 83000', 'ภูเก็ต', 'เมืองภูเก็ต', 'ตลาดใหญ่', 0, 1, 27.00, 12, 'คอนโดมิเนียม', '2026-03-25 08:45:00', 7, 'เช่า', 'คอนโดมิเนียมให้เช่า บ้าน 12 ชั้น แบบ Studio 1 ห้องน้ำ พื้นที่ใช้สอย 27 ตร.ม. ตั้งอยู่ในเมืองภูเก็ต จังหวัดภูเก็ต มีสระว่ายน้ำ ฟิตเนส ระบบรักษาความปลอดภัย 24 ชม. ราคา 1,350,000 บาท (คอนโดภูเก็ต วิวทะเล ใกล้ Old Town)', 7.8804, 98.3983, NULL),
(11, 'คอนโดเซ็นทรัลพาร์ค', '[\"https://images.unsplash.com/photo-1560185127-6ed189bf02f4?w=400\"]', 1800000.00, 'คอนโดใจกลางอุดรธานี ทำเลค้าขายดี', 'หมากแข้ง เมืองอุดรธานี อุดรธานี 41000', 'อุดรธานี', 'เมืองอุดรธานี', 'หมากแข้ง', 1, 1, 31.00, 7, 'คอนโดมิเนียม', '2026-03-26 10:00:00', 7, 'ขาย', 'คอนโดมิเนียมสำหรับขาย บ้าน 7 ชั้น 1 ห้องนอน 1 ห้องน้ำ พื้นที่ใช้สอย 31 ตร.ม. ตั้งอยู่ในเมืองอุดรธานี จังหวัดอุดรธานี มีสระว่ายน้ำ ฟิตเนส ระบบรักษาความปลอดภัย 24 ชม. ราคา 1,800,000 บาท (คอนโดใจกลางอุดรธานี ทำเลค้าขายดี)', 17.4168, 102.7962, NULL),
(12, 'คอนโดมิเนียมสกายเกต', '[\"https://images.unsplash.com/photo-1554995207-c18c203602cb?w=400\"]', 2500000.00, 'คอนโดถนนนิมมาน เดินทางสะดวก ใกล้ ม.เชียงใหม่', 'ถ.นิมมานเหมินท์ สุเทพ เมืองเชียงใหม่ เชียงใหม่ 50200', 'เชียงใหม่', 'เมืองเชียงใหม่', 'สุเทพ', 2, 1, 38.00, 22, 'คอนโดมิเนียม', '2026-03-27 11:30:00', 7, 'ขาย', 'คอนโดมิเนียมสำหรับขาย บ้าน 22 ชั้น 2 ห้องนอน 1 ห้องน้ำ พื้นที่ใช้สอย 38 ตร.ม. ตั้งอยู่ในเมืองเชียงใหม่ จังหวัดเชียงใหม่ มีสระว่ายน้ำ ฟิตเนส ระบบรักษาความปลอดภัย 24 ชม. ราคา 2,500,000 บาท (คอนโดถนนนิมมาน เดินทางสะดวก ใกล้ ม.เชียงใหม่)', 18.7943, 98.9973, NULL),
(13, 'คอนโดซันไรส์ลิฟวิ่ง', '[\"https://images.unsplash.com/photo-1600585154340-be6161a56a0c?w=400\"]', 1900000.00, 'คอนโดพร้อมอยู่ ใกล้ห้างสรรพสินค้า', 'ถ.พัฒนาการ สวนหลวง กรุงเทพฯ 10250', 'กรุงเทพมหานคร', 'สวนหลวง', 'สวนหลวง', 1, 1, 29.00, 10, 'คอนโดมิเนียม', '2026-03-28 13:00:00', 8, 'เช่า', 'คอนโดมิเนียมให้เช่า บ้าน 10 ชั้น 1 ห้องนอน 1 ห้องน้ำ พื้นที่ใช้สอย 29 ตร.ม. ตั้งอยู่ในสวนหลวง จังหวัดกรุงเทพมหานคร มีสระว่ายน้ำ ฟิตเนส ระบบรักษาความปลอดภัย 24 ชม. ราคา 1,900,000 บาท (คอนโดพร้อมอยู่ ใกล้ห้างสรรพสินค้า)', 13.7653, 100.5168, NULL),
(14, 'คอนโดเอเมอรัลด์ฮอไรซั่น', '[\"https://images.unsplash.com/photo-1527030280862-64139fba04ca?w=400\"]', 2300000.00, 'คอนโดรังสิต ใกล้มหาวิทยาลัย เดินทางสะดวก', 'ถ.รังสิต รังสิต ธัญบุรี ปทุมธานี 12130', 'ปทุมธานี', 'ธัญบุรี', 'รังสิต', 2, 1, 40.00, 14, 'คอนโดมิเนียม', '2026-03-29 09:00:00', 8, 'ขาย', 'คอนโดมิเนียมสำหรับขาย บ้าน 14 ชั้น 2 ห้องนอน 1 ห้องน้ำ พื้นที่ใช้สอย 40 ตร.ม. ตั้งอยู่ในธัญบุรี จังหวัดปทุมธานี มีสระว่ายน้ำ ฟิตเนส ระบบรักษาความปลอดภัย 24 ชม. ราคา 2,300,000 บาท (คอนโดรังสิต ใกล้มหาวิทยาลัย เดินทางสะดวก)', 14.0329, 100.543, NULL),
(15, 'บ้านเดี่ยวเมเพิล', '[\"https://images.unsplash.com/photo-1600585153838-0195a91a1979?w=400\"]', 4850000.00, 'บ้านเดี่ยวสไตล์โมเดิร์น สวนสวย อากาศดี', 'ห้างดง เมืองเชียงใหม่ เชียงใหม่ 50230', 'เชียงใหม่', 'เมืองเชียงใหม่', 'ห้างดง', 3, 3, 85.00, 2, 'บ้านเดี่ยว', '2026-03-30 08:00:00', 8, 'ขาย', 'บ้านเดี่ยวสำหรับขาย บ้าน 2 ชั้น 3 ห้องนอน 3 ห้องน้ำ พื้นที่ใช้สอย 85 ตร.ม. ตั้งอยู่ในเมืองเชียงใหม่ จังหวัดเชียงใหม่ พร้อมที่จอดรถ สวนส่วนตัว เงียบสงบ เหมาะครอบครัว ราคา 4,850,000 บาท (บ้านเดี่ยวสไตล์โมเดิร์น สวนสวย อากาศดี)', 18.8033, 99.0063, NULL),
(16, 'บ้านเดี่ยววุ้ดแลนด์', '[\"https://images.unsplash.com/photo-1599423300746-b62533397364?w=400\"]', 6900000.00, 'บ้านเดี่ยวหรูภูเก็ต ใกล้หาดทราย วิวสวย', 'กะทู้ เมืองภูเก็ต ภูเก็ต 83120', 'ภูเก็ต', 'กะทู้', 'กะทู้', 4, 3, 105.00, 2, 'บ้านเดี่ยว', '2026-03-31 10:00:00', 8, 'ขาย', 'บ้านเดี่ยวสำหรับขาย บ้าน 2 ชั้น 4 ห้องนอน 3 ห้องน้ำ พื้นที่ใช้สอย 105 ตร.ม. ตั้งอยู่ในกะทู้ จังหวัดภูเก็ต พร้อมที่จอดรถ สวนส่วนตัว เงียบสงบ เหมาะครอบครัว ราคา 6,900,000 บาท (บ้านเดี่ยวหรูภูเก็ต ใกล้หาดทราย วิวสวย)', 7.8984, 98.4163, NULL),
(17, 'บ้านเดี่ยวกรีนเนอรี่', '[\"https://images.unsplash.com/photo-1572120360610-d971b9d7767c?w=400\"]', 3150000.00, 'บ้านเดี่ยวชั้นเดียว ที่ดินกว้าง เงียบสงบ', 'เมืองนครราชสีมา นครราชสีมา 30000', 'นครราชสีมา', 'เมืองนครราชสีมา', 'ในเมือง', 3, 2, 65.00, 1, 'บ้านเดี่ยว', '2026-04-01 09:00:00', 8, 'ขาย', 'บ้านเดี่ยวสำหรับขาย 3 ห้องนอน 2 ห้องน้ำ พื้นที่ใช้สอย 65 ตร.ม. ตั้งอยู่ในเมืองนครราชสีมา จังหวัดนครราชสีมา พร้อมที่จอดรถ สวนส่วนตัว เงียบสงบ เหมาะครอบครัว ราคา 3,150,000 บาท (บ้านเดี่ยวชั้นเดียว ที่ดินกว้าง เงียบสงบ)', 15.0009, 102.0738, NULL),
(18, 'บ้านเดี่ยวสยามคอมฟอร์ท', '[\"https://images.unsplash.com/photo-1570129477492-45c003edd2be?w=400\"]', 7200000.00, 'บ้านเดี่ยวหรู 4 ห้องนอน ใกล้นิคมอุตสาหกรรม', 'เมืองสมุทรปราการ สมุทรปราการ 10270', 'สมุทรปราการ', 'เมืองสมุทรปราการ', 'ปากน้ำ', 4, 4, 110.00, 2, 'บ้านเดี่ยว', '2026-04-01 11:00:00', 9, 'ขาย', 'บ้านเดี่ยวสำหรับขาย บ้าน 2 ชั้น 4 ห้องนอน 4 ห้องน้ำ พื้นที่ใช้สอย 110 ตร.ม. ตั้งอยู่ในเมืองสมุทรปราการ จังหวัดสมุทรปราการ พร้อมที่จอดรถ สวนส่วนตัว เงียบสงบ เหมาะครอบครัว ราคา 7,200,000 บาท (บ้านเดี่ยวหรู 4 ห้องนอน ใกล้นิคมอุตสาหกรรม)', 13.623, 100.5789, NULL),
(19, 'บ้านเดี่ยวริเวอร์ฟรอนท์', '[\"https://images.unsplash.com/photo-1484154218962-a197022b5858?w=400\"]', 3450000.00, 'บ้านเดี่ยวริมแม่น้ำ บรรยากาศธรรมชาติ', 'ริมแม่น้ำก๊อก เวียง เมืองเชียงราย เชียงราย 57000', 'เชียงราย', 'เมืองเชียงราย', 'เวียง', 3, 2, 72.00, 1, 'บ้านเดี่ยว', '2026-04-02 08:30:00', 9, 'ขาย', 'บ้านเดี่ยวสำหรับขาย 3 ห้องนอน 2 ห้องน้ำ พื้นที่ใช้สอย 72 ตร.ม. ตั้งอยู่ในเมืองเชียงราย จังหวัดเชียงราย พร้อมที่จอดรถ สวนส่วนตัว เงียบสงบ เหมาะครอบครัว ราคา 3,450,000 บาท (บ้านเดี่ยวริมแม่น้ำ บรรยากาศธรรมชาติ)', 19.9375, 99.8226, NULL),
(20, 'บ้านเดี่ยวโกลด์เดนลีฟ', '[\"https://images.unsplash.com/photo-1580587771525-78b9dba3b914?w=400\"]', 4600000.00, 'บ้านเดี่ยวขอนแก่น 2 ชั้น พื้นที่กว้าง', 'เมืองขอนแก่น ขอนแก่น 40000', 'ขอนแก่น', 'เมืองขอนแก่น', 'ในเมือง', 3, 3, 80.00, 2, 'บ้านเดี่ยว', '2026-04-02 14:00:00', 9, 'ขาย', 'บ้านเดี่ยวสำหรับขาย บ้าน 2 ชั้น 3 ห้องนอน 3 ห้องน้ำ พื้นที่ใช้สอย 80 ตร.ม. ตั้งอยู่ในเมืองขอนแก่น จังหวัดขอนแก่น พร้อมที่จอดรถ สวนส่วนตัว เงียบสงบ เหมาะครอบครัว ราคา 4,600,000 บาท (บ้านเดี่ยวขอนแก่น 2 ชั้น พื้นที่กว้าง)', 16.4119, 102.821, NULL),
(21, 'บ้านเดี่ยวซันเซ็ต', '[\"https://images.unsplash.com/photo-1600047509807-ba8f99d2cdde?w=400\"]', 2950000.00, 'บ้านเดี่ยวหัวหิน ใกล้ชายหาด อากาศดี', 'หัวหิน ประจวบคีรีขันธ์ 77110', 'ประจวบคีรีขันธ์', 'หัวหิน', 'หัวหิน', 2, 2, 60.00, 1, 'บ้านเดี่ยว', '2026-04-03 09:00:00', 9, 'ขาย', 'บ้านเดี่ยวสำหรับขาย 2 ห้องนอน 2 ห้องน้ำ พื้นที่ใช้สอย 60 ตร.ม. ตั้งอยู่ในหัวหิน จังหวัดประจวบคีรีขันธ์ พร้อมที่จอดรถ สวนส่วนตัว เงียบสงบ เหมาะครอบครัว ราคา 2,950,000 บาท (บ้านเดี่ยวหัวหิน ใกล้ชายหาด อากาศดี)', 12.5414, 99.9457, NULL),
(22, 'บ้านเดี่ยวบรีซ', '[\"https://images.unsplash.com/photo-1600585153838-0195a91a1979?w=400\"]', 3600000.00, 'บ้านเดี่ยวระยอง ใกล้โรงงาน EEC เดินทางสะดวก', 'เมืองระยอง ระยอง 21000', 'ระยอง', 'เมืองระยอง', 'ท่าประดู่', 3, 2, 75.00, 2, 'บ้านเดี่ยว', '2026-04-03 15:30:00', 9, 'ขาย', 'บ้านเดี่ยวสำหรับขาย บ้าน 2 ชั้น 3 ห้องนอน 2 ห้องน้ำ พื้นที่ใช้สอย 75 ตร.ม. ตั้งอยู่ในเมืองระยอง จังหวัดระยอง พร้อมที่จอดรถ สวนส่วนตัว เงียบสงบ เหมาะครอบครัว ราคา 3,600,000 บาท (บ้านเดี่ยวระยอง ใกล้โรงงาน EEC เดินทางสะดวก)', 12.6574, 101.2726, NULL),
(23, 'บ้านแฝดโกลเด้นพาร์ค', '[\"https://images.unsplash.com/photo-1600585154340-be6161a56a0c?w=400\"]', 3500000.00, 'บ้านแฝดขอนแก่น โครงการใหม่ พร้อมอยู่', 'เมืองขอนแก่น ขอนแก่น 40280', 'ขอนแก่น', 'เมืองขอนแก่น', 'พระลับ', 3, 2, 72.00, 2, 'บ้านแฝด', '2026-04-04 08:00:00', 10, 'ขาย', 'บ้านแฝดสำหรับขาย บ้าน 2 ชั้น 3 ห้องนอน 2 ห้องน้ำ พื้นที่ใช้สอย 72 ตร.ม. ตั้งอยู่ในเมืองขอนแก่น จังหวัดขอนแก่น ที่จอดรถ 2 คัน สวนหลังบ้าน ทำเลดีใกล้แหล่งชุมชน ราคา 3,500,000 บาท (บ้านแฝดขอนแก่น โครงการใหม่ พร้อมอยู่)', 16.4209, 102.83, NULL),
(24, 'บ้านแฝดโนวา', '[\"https://images.unsplash.com/photo-1600585154340-be6161a56a0c?w=400\"]', 3750000.00, 'บ้านแฝดนนทบุรี ทำเลดี ใกล้ MRT', 'เมืองนนทบุรี นนทบุรี 11000', 'นนทบุรี', 'เมืองนนทบุรี', 'สวนใหญ่', 3, 2, 70.00, 2, 'บ้านแฝด', '2026-04-04 11:00:00', 10, 'ขาย', 'บ้านแฝดสำหรับขาย บ้าน 2 ชั้น 3 ห้องนอน 2 ห้องน้ำ พื้นที่ใช้สอย 70 ตร.ม. ตั้งอยู่ในเมืองนนทบุรี จังหวัดนนทบุรี ที่จอดรถ 2 คัน สวนหลังบ้าน ทำเลดีใกล้แหล่งชุมชน ราคา 3,750,000 บาท (บ้านแฝดนนทบุรี ทำเลดี ใกล้ MRT)', 13.8442, 100.5104, NULL),
(25, 'บ้านแฝดเอเมอรัลด์', '[\"https://images.unsplash.com/photo-1572120360610-d971b9d7767c?w=400\"]', 2350000.00, 'บ้านแฝดราคาดี ทำเลปราจีนบุรี', 'เมืองปราจีนบุรี ปราจีนบุรี 25000', 'ปราจีนบุรี', 'เมืองปราจีนบุรี', 'หน้าเมือง', 2, 2, 52.00, 2, 'บ้านแฝด', '2026-04-04 14:00:00', 10, 'เช่า', 'บ้านแฝดให้เช่า บ้าน 2 ชั้น 2 ห้องนอน 2 ห้องน้ำ พื้นที่ใช้สอย 52 ตร.ม. ตั้งอยู่ในเมืองปราจีนบุรี จังหวัดปราจีนบุรี ที่จอดรถ 2 คัน สวนหลังบ้าน ทำเลดีใกล้แหล่งชุมชน ราคา 2,350,000 บาท (บ้านแฝดราคาดี ทำเลปราจีนบุรี)', 14.0384, 101.3696, NULL),
(26, 'บ้านแฝดซิตี้ไลน์', '[\"https://images.unsplash.com/photo-1560185127-6ed189bf02f4?w=400\"]', 4100000.00, 'บ้านแฝดฝั่งธนบุรี ใกล้ BTS สาย Gold', 'บางกอกน้อย กรุงเทพฯ 10700', 'กรุงเทพมหานคร', 'บางกอกน้อย', 'อรุณอมรินทร์', 3, 3, 80.00, 2, 'บ้านแฝด', '2026-04-05 09:30:00', 10, 'ขาย', 'บ้านแฝดสำหรับขาย บ้าน 2 ชั้น 3 ห้องนอน 3 ห้องน้ำ พื้นที่ใช้สอย 80 ตร.ม. ตั้งอยู่ในบางกอกน้อย จังหวัดกรุงเทพมหานคร ที่จอดรถ 2 คัน สวนหลังบ้าน ทำเลดีใกล้แหล่งชุมชน ราคา 4,100,000 บาท (บ้านแฝดฝั่งธนบุรี ใกล้ BTS สาย Gold)', 13.7443, 100.5048, NULL),
(27, 'บ้านแฝดซันไรส์', '[\"https://images.unsplash.com/photo-1527030280862-64139fba04ca?w=400\"]', 2150000.00, 'บ้านแฝดภูเก็ต ทำเลดี ใกล้ห้าง', 'เมืองภูเก็ต ภูเก็ต 83000', 'ภูเก็ต', 'เมืองภูเก็ต', 'ตลาดเหนือ', 2, 1, 48.00, 2, 'บ้านแฝด', '2026-04-05 13:00:00', 10, 'ขาย', 'บ้านแฝดสำหรับขาย บ้าน 2 ชั้น 2 ห้องนอน 1 ห้องน้ำ พื้นที่ใช้สอย 48 ตร.ม. ตั้งอยู่ในเมืองภูเก็ต จังหวัดภูเก็ต ที่จอดรถ 2 คัน สวนหลังบ้าน ทำเลดีใกล้แหล่งชุมชน ราคา 2,150,000 บาท (บ้านแฝดภูเก็ต ทำเลดี ใกล้ห้าง)', 7.8714, 98.3983, NULL),
(28, 'บ้านแฝดเลคไซด์', '[\"https://images.unsplash.com/photo-1599423300746-b62533397364?w=400\"]', 1850000.00, 'บ้านแฝดริมทะเลสาบ เชียงใหม่ บรรยากาศดี', 'ไชยา เมืองเชียงใหม่ เชียงใหม่ 50100', 'เชียงใหม่', 'เมืองเชียงใหม่', 'ไชยา', 2, 2, 50.00, 1, 'บ้านแฝด', '2026-04-06 09:00:00', 24, 'ขาย', 'บ้านแฝดสำหรับขาย 2 ห้องนอน 2 ห้องน้ำ พื้นที่ใช้สอย 50 ตร.ม. ตั้งอยู่ในเมืองเชียงใหม่ จังหวัดเชียงใหม่ ที่จอดรถ 2 คัน สวนหลังบ้าน ทำเลดีใกล้แหล่งชุมชน ราคา 1,850,000 บาท (บ้านแฝดริมทะเลสาบ เชียงใหม่ บรรยากาศดี)', 18.7823, 98.9943, NULL),
(29, 'บ้านแฝดซิลเวอร์', '[\"https://images.unsplash.com/photo-1600047509807-ba8f99d2cdde?w=400\"]', 3250000.00, 'บ้านแฝดชลบุรี ใกล้โรงงาน มาบตาพุด', 'บ้านบึง ชลบุรี 20170', 'ชลบุรี', 'บ้านบึง', 'บ้านบึง', 3, 2, 66.00, 2, 'บ้านแฝด', '2026-04-06 13:00:00', 24, 'ขาย', 'บ้านแฝดสำหรับขาย บ้าน 2 ชั้น 3 ห้องนอน 2 ห้องน้ำ พื้นที่ใช้สอย 66 ตร.ม. ตั้งอยู่ในบ้านบึง จังหวัดชลบุรี ที่จอดรถ 2 คัน สวนหลังบ้าน ทำเลดีใกล้แหล่งชุมชน ราคา 3,250,000 บาท (บ้านแฝดชลบุรี ใกล้โรงงาน มาบตาพุด)', 13.3581, 100.9967, NULL),
(30, 'บ้านแฝดเจด', '[\"https://images.unsplash.com/photo-1554995207-c18c203602cb?w=400\"]', 3900000.00, 'บ้านแฝดอยุธยา ใกล้แหล่งประวัติศาสตร์', 'เมืองพระนครศรีอยุธยา พระนครศรีอยุธยา 13000', 'พระนครศรีอยุธยา', 'พระนครศรีอยุธยา', 'ประตูชัย', 3, 3, 77.00, 2, 'บ้านแฝด', '2026-04-06 16:30:00', 24, 'ขาย', 'บ้านแฝดสำหรับขาย บ้าน 2 ชั้น 3 ห้องนอน 3 ห้องน้ำ พื้นที่ใช้สอย 77 ตร.ม. ตั้งอยู่ในพระนครศรีอยุธยา จังหวัดพระนครศรีอยุธยา ที่จอดรถ 2 คัน สวนหลังบ้าน ทำเลดีใกล้แหล่งชุมชน ราคา 3,900,000 บาท (บ้านแฝดอยุธยา ใกล้แหล่งประวัติศาสตร์)', 14.3692, 100.6027, NULL),
(31, 'บ้านแฝดฮาร์โมนี่', '[\"https://images.unsplash.com/photo-1484154218962-a197022b5858?w=400\"]', 2150000.00, 'บ้านแฝดสงขลา ใกล้ชายทะเล อากาศดี', 'เมืองสงขลา สงขลา 90000', 'สงขลา', 'เมืองสงขลา', 'บ่อยาง', 2, 2, 56.00, 1, 'บ้านแฝด', '2026-04-07 09:00:00', 24, 'ขาย', 'บ้านแฝดสำหรับขาย 2 ห้องนอน 2 ห้องน้ำ พื้นที่ใช้สอย 56 ตร.ม. ตั้งอยู่ในเมืองสงขลา จังหวัดสงขลา ที่จอดรถ 2 คัน สวนหลังบ้าน ทำเลดีใกล้แหล่งชุมชน ราคา 2,150,000 บาท (บ้านแฝดสงขลา ใกล้ชายทะเล อากาศดี)', 7.0097, 100.4857, NULL),
(32, 'บ้านแฝดเออร์บัน', '[\"https://images.unsplash.com/photo-1600585153838-0195a91a1979?w=400\"]', 3150000.00, 'บ้านแฝดสกลนคร บ้านใหม่ ราคาดี', 'เมืองสกลนคร สกลนคร 47000', 'สกลนคร', 'เมืองสกลนคร', 'ธาตุเชิงชุม', 3, 2, 68.00, 2, 'บ้านแฝด', '2026-04-07 11:00:00', 27, 'ขาย', 'บ้านแฝดสำหรับขาย บ้าน 2 ชั้น 3 ห้องนอน 2 ห้องน้ำ พื้นที่ใช้สอย 68 ตร.ม. ตั้งอยู่ในเมืองสกลนคร จังหวัดสกลนคร ที่จอดรถ 2 คัน สวนหลังบ้าน ทำเลดีใกล้แหล่งชุมชน ราคา 3,150,000 บาท (บ้านแฝดสกลนคร บ้านใหม่ ราคาดี)', 17.1715, 104.1563, NULL),
(33, 'ทาวน์เฮ้าส์เซ็นทรัล', '[\"https://images.unsplash.com/photo-1570129477492-45c003edd2be?w=400\"]', 2550000.00, 'ทาวน์เฮ้าส์ 3 ชั้น หลักสี่ ใกล้แอร์พอร์ตลิงก์', 'หลักสี่ กรุงเทพฯ 10210', 'กรุงเทพมหานคร', 'หลักสี่', 'หลักสี่', 3, 3, 58.00, 3, 'ทาวน์เฮ้าส์', '2026-04-07 14:00:00', 27, 'ขาย', 'ทาวน์เฮ้าส์สำหรับขาย บ้าน 3 ชั้น 3 ห้องนอน 3 ห้องน้ำ พื้นที่ใช้สอย 58 ตร.ม. ตั้งอยู่ในหลักสี่ จังหวัดกรุงเทพมหานคร ห้องครัวครบ ที่จอดรถ ใกล้ตลาดและห้างสรรพสินค้า ราคา 2,550,000 บาท (ทาวน์เฮ้าส์ 3 ชั้น หลักสี่ ใกล้แอร์พอร์ตลิงก์)', 13.7653, 100.5258, NULL),
(34, 'ทาวน์เฮ้าส์ซันไรส์', '[\"https://images.unsplash.com/photo-1580587771525-78b9dba3b914?w=400\"]', 1850000.00, 'ทาวน์เฮ้าส์ปทุมธานี ใกล้มหาวิทยาลัย', 'เมืองปทุมธานี ปทุมธานี 12000', 'ปทุมธานี', 'เมืองปทุมธานี', 'บางปรอก', 2, 2, 48.00, 2, 'ทาวน์เฮ้าส์', '2026-04-08 09:00:00', 27, 'เช่า', 'ทาวน์เฮ้าส์ให้เช่า บ้าน 2 ชั้น 2 ห้องนอน 2 ห้องน้ำ พื้นที่ใช้สอย 48 ตร.ม. ตั้งอยู่ในเมืองปทุมธานี จังหวัดปทุมธานี ห้องครัวครบ ที่จอดรถ ใกล้ตลาดและห้างสรรพสินค้า ราคา 1,850,000 บาท (ทาวน์เฮ้าส์ปทุมธานี ใกล้มหาวิทยาลัย)', 14.0329, 100.501, NULL),
(35, 'ทาวน์เฮ้าส์กรีนพาร์ค', '[\"https://images.unsplash.com/photo-1572120360610-d971b9d7767c?w=400\"]', 2200000.00, 'ทาวน์เฮ้าส์นครปฐม ใกล้องค์พระปฐมเจดีย์', 'เมืองนครปฐม นครปฐม 73000', 'นครปฐม', 'เมืองนครปฐม', 'พระปฐมเจดีย์', 2, 2, 55.00, 2, 'ทาวน์เฮ้าส์', '2026-04-08 13:00:00', 27, 'ขาย', 'ทาวน์เฮ้าส์สำหรับขาย บ้าน 2 ชั้น 2 ห้องนอน 2 ห้องน้ำ พื้นที่ใช้สอย 55 ตร.ม. ตั้งอยู่ในเมืองนครปฐม จังหวัดนครปฐม ห้องครัวครบ ที่จอดรถ ใกล้ตลาดและห้างสรรพสินค้า ราคา 2,200,000 บาท (ทาวน์เฮ้าส์นครปฐม ใกล้องค์พระปฐมเจดีย์)', 13.8349, 100.0413, NULL),
(36, 'ทาวน์เฮ้าส์เอเมอรัลด์', '[\"https://images.unsplash.com/photo-1560185127-6ed189bf02f4?w=400\"]', 2950000.00, 'ทาวน์เฮ้าส์ชลบุรี โครงการใหม่ ราคาดี', 'เมืองชลบุรี ชลบุรี 20000', 'ชลบุรี', 'เมืองชลบุรี', 'บางปลาสร้อย', 3, 2, 62.00, 2, 'ทาวน์เฮ้าส์', '2026-04-08 16:00:00', 28, 'ขาย', 'ทาวน์เฮ้าส์สำหรับขาย บ้าน 2 ชั้น 3 ห้องนอน 2 ห้องน้ำ พื้นที่ใช้สอย 62 ตร.ม. ตั้งอยู่ในเมืองชลบุรี จังหวัดชลบุรี ห้องครัวครบ ที่จอดรถ ใกล้ตลาดและห้างสรรพสินค้า ราคา 2,950,000 บาท (ทาวน์เฮ้าส์ชลบุรี โครงการใหม่ ราคาดี)', 13.3791, 100.9667, NULL),
(37, 'ทาวน์เฮ้าส์โอเชียน', '[\"https://images.unsplash.com/photo-1484154218962-a197022b5858?w=400\"]', 2750000.00, 'ทาวน์เฮ้าส์ระยอง 3 ชั้น ทำเลดี', 'เมืองระยอง ระยอง 21000', 'ระยอง', 'เมืองระยอง', 'ท่าประดู่', 3, 2, 60.00, 3, 'ทาวน์เฮ้าส์', '2026-04-09 09:00:00', 28, 'ขาย', 'ทาวน์เฮ้าส์สำหรับขาย บ้าน 3 ชั้น 3 ห้องนอน 2 ห้องน้ำ พื้นที่ใช้สอย 60 ตร.ม. ตั้งอยู่ในเมืองระยอง จังหวัดระยอง ห้องครัวครบ ที่จอดรถ ใกล้ตลาดและห้างสรรพสินค้า ราคา 2,750,000 บาท (ทาวน์เฮ้าส์ระยอง 3 ชั้น ทำเลดี)', 12.7024, 101.2666, NULL),
(38, 'ทาวน์เฮ้าส์เมเพิล', '[\"https://images.unsplash.com/photo-1560185127-6ed189bf02f4?w=400\"]', 1650000.00, 'ทาวน์เฮ้าส์นครสวรรค์ ราคาเบา ทำเลดี', 'เมืองนครสวรรค์ นครสวรรค์ 60000', 'นครสวรรค์', 'เมืองนครสวรรค์', 'ปากน้ำโพ', 2, 2, 52.00, 2, 'ทาวน์เฮ้าส์', '2026-04-09 12:00:00', 28, 'ขาย', 'ทาวน์เฮ้าส์สำหรับขาย บ้าน 2 ชั้น 2 ห้องนอน 2 ห้องน้ำ พื้นที่ใช้สอย 52 ตร.ม. ตั้งอยู่ในเมืองนครสวรรค์ จังหวัดนครสวรรค์ ห้องครัวครบ ที่จอดรถ ใกล้ตลาดและห้างสรรพสินค้า ราคา 1,650,000 บาท (ทาวน์เฮ้าส์นครสวรรค์ ราคาเบา ทำเลดี)', 15.727, 100.1253, NULL),
(39, 'ทาวน์เฮ้าส์ซิตี้พาธ', '[\"https://images.unsplash.com/photo-1570129477492-45c003edd2be?w=400\"]', 3050000.00, 'ทาวน์เฮ้าส์จันทบุรี ใกล้แหล่งท่องเที่ยว', 'เมืองจันทบุรี จันทบุรี 22000', 'จันทบุรี', 'เมืองจันทบุรี', 'ตลาด', 3, 3, 70.00, 2, 'ทาวน์เฮ้าส์', '2026-04-09 15:30:00', 28, 'ขาย', 'ทาวน์เฮ้าส์สำหรับขาย บ้าน 2 ชั้น 3 ห้องนอน 3 ห้องน้ำ พื้นที่ใช้สอย 70 ตร.ม. ตั้งอยู่ในเมืองจันทบุรี จังหวัดจันทบุรี ห้องครัวครบ ที่จอดรถ ใกล้ตลาดและห้างสรรพสินค้า ราคา 3,050,000 บาท (ทาวน์เฮ้าส์จันทบุรี ใกล้แหล่งท่องเที่ยว)', 12.6384, 102.0949, NULL),
(40, 'ทาวน์เฮ้าส์ริเวอร์ทาวน์', '[\"https://images.unsplash.com/photo-1580587771525-78b9dba3b914?w=400\"]', 1750000.00, 'ทาวน์เฮ้าส์กำแพงเพชร ใกล้ตัวเมือง ราคาดี', 'เมืองกำแพงเพชร กำแพงเพชร 62000', 'กำแพงเพชร', 'เมืองกำแพงเพชร', 'ในเมือง', 2, 2, 50.00, 2, 'ทาวน์เฮ้าส์', '2026-04-10 09:00:00', 29, 'เช่า', 'ทาวน์เฮ้าส์ให้เช่า บ้าน 2 ชั้น 2 ห้องนอน 2 ห้องน้ำ พื้นที่ใช้สอย 50 ตร.ม. ตั้งอยู่ในเมืองกำแพงเพชร จังหวัดกำแพงเพชร ห้องครัวครบ ที่จอดรถ ใกล้ตลาดและห้างสรรพสินค้า ราคา 1,750,000 บาท (ทาวน์เฮ้าส์กำแพงเพชร ใกล้ตัวเมือง ราคาดี)', 16.44, 99.5168, NULL),
(41, 'ทาวน์เฮ้าส์ฮอไรซั่น', '[\"https://images.unsplash.com/photo-1484154218962-a197022b5858?w=400\"]', 3150000.00, 'ทาวน์เฮ้าส์ลำปาง 3 ชั้น ออกแบบสวย', 'เมืองลำปาง ลำปาง 52000', 'ลำปาง', 'เมืองลำปาง', 'หัวเวียง', 3, 3, 63.00, 3, 'ทาวน์เฮ้าส์', '2026-04-10 12:00:00', 29, 'ขาย', 'ทาวน์เฮ้าส์สำหรับขาย บ้าน 3 ชั้น 3 ห้องนอน 3 ห้องน้ำ พื้นที่ใช้สอย 63 ตร.ม. ตั้งอยู่ในเมืองลำปาง จังหวัดลำปาง ห้องครัวครบ ที่จอดรถ ใกล้ตลาดและห้างสรรพสินค้า ราคา 3,150,000 บาท (ทาวน์เฮ้าส์ลำปาง 3 ชั้น ออกแบบสวย)', 18.2618, 99.4909, NULL),
(42, 'ทาวน์เฮ้าส์เออร์บันลีฟ', '[\"https://images.unsplash.com/photo-1560185127-6ed189bf02f4?w=400\"]', 1950000.00, 'ทาวน์เฮ้าส์สระบุรี ใกล้นิคมอุตสาหกรรม', 'เมืองสระบุรี สระบุรี 18000', 'สระบุรี', 'เมืองสระบุรี', 'ปากเพรียว', 2, 2, 54.00, 2, 'ทาวน์เฮ้าส์', '2026-04-10 15:00:00', 29, 'ขาย', 'ทาวน์เฮ้าส์สำหรับขาย บ้าน 2 ชั้น 2 ห้องนอน 2 ห้องน้ำ พื้นที่ใช้สอย 54 ตร.ม. ตั้งอยู่ในเมืองสระบุรี จังหวัดสระบุรี ห้องครัวครบ ที่จอดรถ ใกล้ตลาดและห้างสรรพสินค้า ราคา 1,950,000 บาท (ทาวน์เฮ้าส์สระบุรี ใกล้นิคมอุตสาหกรรม)', 14.5049, 100.9107, NULL),
(43, 'อพาร์ตเมนต์บลูเวฟ', '[\"https://images.unsplash.com/photo-1527030280862-64139fba04ca?w=400\"]', 850000.00, 'อพาร์ตเมนต์พัทยา วิวสระน้ำ ใกล้ชายหาด', 'วงศ์อมาตย์ บางละมุง ชลบุรี 20150', 'ชลบุรี', 'บางละมุง', 'นาเกลือ', 0, 1, 25.00, 1, 'อพาร์ตเมนต์', '2026-04-11 08:00:00', 29, 'เช่า', 'อพาร์ตเมนต์ให้เช่า แบบ Studio 1 ห้องน้ำ พื้นที่ใช้สอย 25 ตร.ม. ตั้งอยู่ในบางละมุง จังหวัดชลบุรี เครื่องปรับอากาศ เฟอร์นิเจอร์บิ้วอิน ใกล้ระบบขนส่ง ราคา 850,000 บาท (อพาร์ตเมนต์พัทยา วิวสระน้ำ ใกล้ชายหาด)', 13.3401, 100.9877, NULL),
(44, 'อพาร์ตเมนต์เชียงใหม่ฮิลล์', '[\"https://images.unsplash.com/photo-1560185127-6ed189bf02f4?w=400\"]', 1150000.00, 'อพาร์ตเมนต์นิมมาน เชียงใหม่ ใกล้ร้านอาหาร', 'ถ.นิมมาน สุเทพ เมืองเชียงใหม่ เชียงใหม่ 50200', 'เชียงใหม่', 'เมืองเชียงใหม่', 'สุเทพ', 1, 1, 31.00, 1, 'อพาร์ตเมนต์', '2026-04-11 10:00:00', 30, 'เช่า', 'อพาร์ตเมนต์ให้เช่า 1 ห้องนอน 1 ห้องน้ำ พื้นที่ใช้สอย 31 ตร.ม. ตั้งอยู่ในเมืองเชียงใหม่ จังหวัดเชียงใหม่ เครื่องปรับอากาศ เฟอร์นิเจอร์บิ้วอิน ใกล้ระบบขนส่ง ราคา 1,150,000 บาท (อพาร์ตเมนต์นิมมาน เชียงใหม่ ใกล้ร้านอาหาร)', 18.7703, 98.9913, NULL),
(45, 'อพาร์ตเมนต์เมโทร', '[\"https://images.unsplash.com/photo-1527030280862-64139fba04ca?w=400\"]', 1250000.00, 'อพาร์ตเมนต์บางนา ใกล้ BITEC เดินทางสะดวก', 'ถ.บางนา-ตราด บางนา กรุงเทพฯ 10260', 'กรุงเทพมหานคร', 'บางนา', 'บางนา', 1, 1, 29.00, 1, 'อพาร์ตเมนต์', '2026-04-11 13:00:00', 30, 'เช่า', 'อพาร์ตเมนต์ให้เช่า 1 ห้องนอน 1 ห้องน้ำ พื้นที่ใช้สอย 29 ตร.ม. ตั้งอยู่ในบางนา จังหวัดกรุงเทพมหานคร เครื่องปรับอากาศ เฟอร์นิเจอร์บิ้วอิน ใกล้ระบบขนส่ง ราคา 1,250,000 บาท (อพาร์ตเมนต์บางนา ใกล้ BITEC เดินทางสะดวก)', 13.7413, 100.5108, NULL),
(46, 'อพาร์ตเมนต์ปาล์มวิว', '[\"https://images.unsplash.com/photo-1499916078039-922301b0eb9b?w=400\"]', 920000.00, 'อพาร์ตเมนต์สมุย บรรยากาศเกาะ วิวทะเล', 'เกาะสมุย สุราษฎร์ธานี 84140', 'สุราษฎร์ธานี', 'เกาะสมุย', 'บ่อผุด', 0, 1, 26.00, 1, 'อพาร์ตเมนต์', '2026-04-11 16:00:00', 30, 'เช่า', 'อพาร์ตเมนต์ให้เช่า แบบ Studio 1 ห้องน้ำ พื้นที่ใช้สอย 26 ตร.ม. ตั้งอยู่ในเกาะสมุย จังหวัดสุราษฎร์ธานี เครื่องปรับอากาศ เฟอร์นิเจอร์บิ้วอิน ใกล้ระบบขนส่ง ราคา 920,000 บาท (อพาร์ตเมนต์สมุย บรรยากาศเกาะ วิวทะเล)', 9.1262, 99.326, NULL),
(47, 'อพาร์ตเมนต์กรีนสโตน', '[\"https://images.unsplash.com/photo-1600585153838-0195a91a1979?w=400\"]', 1300000.00, 'อพาร์ตเมนต์เชียงราย ใกล้ตลาดไนท์บาซาร์', 'เมืองเชียงราย เชียงราย 57000', 'เชียงราย', 'เมืองเชียงราย', 'เวียง', 1, 1, 33.00, 1, 'อพาร์ตเมนต์', '2026-04-12 09:00:00', 30, 'ขาย', 'อพาร์ตเมนต์สำหรับขาย 1 ห้องนอน 1 ห้องน้ำ พื้นที่ใช้สอย 33 ตร.ม. ตั้งอยู่ในเมืองเชียงราย จังหวัดเชียงราย เครื่องปรับอากาศ เฟอร์นิเจอร์บิ้วอิน ใกล้ระบบขนส่ง ราคา 1,300,000 บาท (อพาร์ตเมนต์เชียงราย ใกล้ตลาดไนท์บาซาร์)', 19.9015, 99.8556, NULL),
(48, 'อพาร์ตเมนต์สกายพอยน์ท', '[\"https://images.unsplash.com/photo-1560185127-6ed189bf02f4?w=400\"]', 780000.00, 'อพาร์ตเมนต์หาดใหญ่ ราคาถูก ใกล้ห้างสรรพสินค้า', 'หาดใหญ่ สงขลา 90110', 'สงขลา', 'หาดใหญ่', 'หาดใหญ่', 0, 1, 24.00, 1, 'อพาร์ตเมนต์', '2026-04-12 10:30:00', 32, 'เช่า', 'อพาร์ตเมนต์ให้เช่า แบบ Studio 1 ห้องน้ำ พื้นที่ใช้สอย 24 ตร.ม. ตั้งอยู่ในหาดใหญ่ จังหวัดสงขลา เครื่องปรับอากาศ เฟอร์นิเจอร์บิ้วอิน ใกล้ระบบขนส่ง ราคา 780,000 บาท (อพาร์ตเมนต์หาดใหญ่ ราคาถูก ใกล้ห้างสรรพสินค้า)', 7.0007, 100.4857, NULL),
(49, 'อพาร์ตเมนต์ซันพาร์ค', '[\"https://images.unsplash.com/photo-1484154218962-a197022b5858?w=400\"]', 1050000.00, 'อพาร์ตเมนต์อุบลราชธานี ใกล้มหาวิทยาลัยอุบล', 'เมืองอุบลราชธานี อุบลราชธานี 34000', 'อุบลราชธานี', 'เมืองอุบลราชธานี', 'ในเมือง', 1, 1, 28.00, 1, 'อพาร์ตเมนต์', '2026-04-12 13:00:00', 32, 'เช่า', 'อพาร์ตเมนต์ให้เช่า 1 ห้องนอน 1 ห้องน้ำ พื้นที่ใช้สอย 28 ตร.ม. ตั้งอยู่ในเมืองอุบลราชธานี จังหวัดอุบลราชธานี เครื่องปรับอากาศ เฟอร์นิเจอร์บิ้วอิน ใกล้ระบบขนส่ง ราคา 1,050,000 บาท (อพาร์ตเมนต์อุบลราชธานี ใกล้มหาวิทยาลัยอุบล)', 15.2418, 104.8682, NULL),
(50, 'วิลล่าคอรัลบีช', '[\"https://images.unsplash.com/photo-1613490493576-7fde63acd811?w=400\"]', 9500000.00, 'วิลล่าหรูภูเก็ต ริมทะเล สระว่ายน้ำส่วนตัว', 'ราไวย์ เมืองภูเก็ต ภูเก็ต 83130', 'ภูเก็ต', 'เมืองภูเก็ต', 'ราไวย์', 3, 3, 95.00, 2, 'วิลล่า', '2026-04-12 16:00:00', 32, 'ขาย', 'วิลล่าสำหรับขาย บ้าน 2 ชั้น 3 ห้องนอน 3 ห้องน้ำ พื้นที่ใช้สอย 95 ตร.ม. ตั้งอยู่ในเมืองภูเก็ต จังหวัดภูเก็ต สระว่ายน้ำส่วนตัว สวนขนาดใหญ่ ระบบสมาร์ทโฮม ราคา 9,500,000 บาท (วิลล่าหรูภูเก็ต ริมทะเล สระว่ายน้ำส่วนตัว)', 7.8804, 98.4163, NULL),
(51, 'วิลล่าโลตัสการ์เด้น', '[\"https://images.unsplash.com/photo-1600585154340-be6161a56a0c?w=400\"]', 4850000.00, 'วิลล่าเกาะสมุย สวนสวย บรรยากาศธรรมชาติ', 'เกาะสมุย สุราษฎร์ธานี 84140', 'สุราษฎร์ธานี', 'เกาะสมุย', 'บ่อผุด', 2, 2, 60.00, 1, 'วิลล่า', '2026-04-13 09:00:00', 32, 'ขาย', 'วิลล่าสำหรับขาย 2 ห้องนอน 2 ห้องน้ำ พื้นที่ใช้สอย 60 ตร.ม. ตั้งอยู่ในเกาะสมุย จังหวัดสุราษฎร์ธานี สระว่ายน้ำส่วนตัว สวนขนาดใหญ่ ระบบสมาร์ทโฮม ราคา 4,850,000 บาท (วิลล่าเกาะสมุย สวนสวย บรรยากาศธรรมชาติ)', 9.1412, 99.29, NULL),
(52, 'วิลล่าบลอสซั่มแวลลี่', '[\"https://images.unsplash.com/photo-1599423300746-b62533397364?w=400\"]', 7900000.00, 'วิลล่าหัวหิน 4 ห้องนอน สระว่ายน้ำ วิวทะเล', 'หัวหิน ประจวบคีรีขันธ์ 77110', 'ประจวบคีรีขันธ์', 'หัวหิน', 'หัวหิน', 4, 3, 105.00, 2, 'วิลล่า', '2026-04-13 11:00:00', 34, 'ขาย', 'วิลล่าสำหรับขาย บ้าน 2 ชั้น 4 ห้องนอน 3 ห้องน้ำ พื้นที่ใช้สอย 105 ตร.ม. ตั้งอยู่ในหัวหิน จังหวัดประจวบคีรีขันธ์ สระว่ายน้ำส่วนตัว สวนขนาดใหญ่ ระบบสมาร์ทโฮม ราคา 7,900,000 บาท (วิลล่าหัวหิน 4 ห้องนอน สระว่ายน้ำ วิวทะเล)', 12.5744, 99.9367, NULL),
(53, 'วิลล่าซันไชน์', '[\"https://images.unsplash.com/photo-1600047509807-ba8f99d2cdde?w=400\"]', 5600000.00, 'วิลล่ากระบี่ ใกล้อ่าวมาหยา ธรรมชาติสวยงาม', 'เมืองกระบี่ กระบี่ 81000', 'กระบี่', 'เมืองกระบี่', 'ปากน้ำ', 3, 2, 80.00, 1, 'วิลล่า', '2026-04-13 14:00:00', 34, 'ขาย', 'วิลล่าสำหรับขาย 3 ห้องนอน 2 ห้องน้ำ พื้นที่ใช้สอย 80 ตร.ม. ตั้งอยู่ในเมืองกระบี่ จังหวัดกระบี่ สระว่ายน้ำส่วนตัว สวนขนาดใหญ่ ระบบสมาร์ทโฮม ราคา 5,600,000 บาท (วิลล่ากระบี่ ใกล้อ่าวมาหยา ธรรมชาติสวยงาม)', 8.0953, 98.8883, NULL),
(54, 'วิลล่าโอเชียนฟรอนท์', '[\"https://images.unsplash.com/photo-1613490493576-7fde63acd811?w=400\"]', 11200000.00, 'วิลล่าพัทยา ติดทะเล 4 ห้องนอน โรงแรมส่วนตัว', 'หาดพัทยา บางละมุง ชลบุรี 20150', 'ชลบุรี', 'บางละมุง', 'หนองปรือ', 4, 4, 110.00, 2, 'วิลล่า', '2026-04-14 09:00:00', 34, 'ขาย', 'วิลล่าสำหรับขาย บ้าน 2 ชั้น 4 ห้องนอน 4 ห้องน้ำ พื้นที่ใช้สอย 110 ตร.ม. ตั้งอยู่ในบางละมุง จังหวัดชลบุรี สระว่ายน้ำส่วนตัว สวนขนาดใหญ่ ระบบสมาร์ทโฮม ราคา 11,200,000 บาท (วิลล่าพัทยา ติดทะเล 4 ห้องนอน โรงแรมส่วนตัว)', 13.3731, 100.9697, NULL),
(55, 'วิลล่าคริสตัลโคฟ', '[\"https://images.unsplash.com/photo-1600585153838-0195a91a1979?w=400\"]', 6750000.00, 'วิลล่าภูเก็ต ดีไซน์สวย ราคาพิเศษ', 'เมืองภูเก็ต ภูเก็ต 83000', 'ภูเก็ต', 'เมืองภูเก็ต', 'ตลาดใหญ่', 3, 3, 88.00, 1, 'วิลล่า', '2026-04-14 12:00:00', 34, 'ขาย', 'วิลล่าสำหรับขาย 3 ห้องนอน 3 ห้องน้ำ พื้นที่ใช้สอย 88 ตร.ม. ตั้งอยู่ในเมืองภูเก็ต จังหวัดภูเก็ต สระว่ายน้ำส่วนตัว สวนขนาดใหญ่ ระบบสมาร์ทโฮม ราคา 6,750,000 บาท (วิลล่าภูเก็ต ดีไซน์สวย ราคาพิเศษ)', 7.8954, 98.3803, NULL),
(56, 'วิลล่าแบมบูเฮเวน', '[\"https://images.unsplash.com/photo-1572120360610-d971b9d7767c?w=400\"]', 4250000.00, 'วิลล่าเชียงใหม่ สวนไผ่สวย อากาศเย็นสบาย', 'ไชยา เมืองเชียงใหม่ เชียงใหม่ 50100', 'เชียงใหม่', 'เมืองเชียงใหม่', 'ไชยา', 2, 2, 72.00, 1, 'วิลล่า', '2026-04-14 15:00:00', 35, 'ขาย', 'วิลล่าสำหรับขาย 2 ห้องนอน 2 ห้องน้ำ พื้นที่ใช้สอย 72 ตร.ม. ตั้งอยู่ในเมืองเชียงใหม่ จังหวัดเชียงใหม่ สระว่ายน้ำส่วนตัว สวนขนาดใหญ่ ระบบสมาร์ทโฮม ราคา 4,250,000 บาท (วิลล่าเชียงใหม่ สวนไผ่สวย อากาศเย็นสบาย)', 18.8063, 98.9763, NULL),
(57, 'ที่ดินเมาท์เทนวิว', '[\"https://images.unsplash.com/photo-1503875154399-95d2ac7d522f?w=400\"]', 820000.00, 'ที่ดินแม่สาย วิวภูเขา ติดถนน เหมาะสร้างบ้าน', 'แม่สาย เชียงราย 57130', 'เชียงราย', 'แม่สาย', 'เวียงพางคำ', 0, 0, 600.00, 0, 'ที่ดิน', '2026-04-15 09:00:00', 35, 'ขาย', 'ที่ดินเปล่าสำหรับขาย ตั้งอยู่ในอำเภอแม่สาย จังหวัดเชียงราย พื้นที่รวม 600 ตร.ม. ทำเลศักยภาพ ติดถนนสะดวก เหมาะสร้างบ้านหรือทำธุรกิจ ราคา 820,000 บาท (ที่ดินแม่สาย วิวภูเขา ติดถนน เหมาะสร้างบ้าน)', 19.9315, 99.8346, NULL),
(58, 'ที่ดินเอเมอรัลด์แวลลี่', '[\"https://images.unsplash.com/photo-1469474968028-56623f02e42e?w=400\"]', 1350000.00, 'ที่ดินเขาใหญ่ บรรยากาศดี ใกล้แหล่งท่องเที่ยว', 'ปากช่อง นครราชสีมา 30130', 'นครราชสีมา', 'ปากช่อง', 'กลางดง', 0, 0, 880.00, 0, 'ที่ดิน', '2026-04-15 12:00:00', 35, 'ขาย', 'ที่ดินเปล่าสำหรับขาย ตั้งอยู่ในอำเภอปากช่อง จังหวัดนครราชสีมา พื้นที่รวม 880 ตร.ม. ทำเลศักยภาพ ติดถนนสะดวก เหมาะสร้างบ้านหรือทำธุรกิจ ราคา 1,350,000 บาท (ที่ดินเขาใหญ่ บรรยากาศดี ใกล้แหล่งท่องเที่ยว)', 15.0039, 102.0948, NULL),
(59, 'ที่ดินริเวอร์แบงค์', '[\"https://images.unsplash.com/photo-1465101162946-4377e57745c3?w=400\"]', 1050000.00, 'ที่ดินอุบลราชธานี ริมแม่น้ำมูล ทำเลดี', 'เมืองอุบลราชธานี อุบลราชธานี 34000', 'อุบลราชธานี', 'เมืองอุบลราชธานี', 'ในเมือง', 0, 0, 720.00, 0, 'ที่ดิน', '2026-04-15 15:00:00', 35, 'ขาย', 'ที่ดินเปล่าสำหรับขาย ตั้งอยู่ในอำเภอเมืองอุบลราชธานี จังหวัดอุบลราชธานี พื้นที่รวม 720 ตร.ม. ทำเลศักยภาพ ติดถนนสะดวก เหมาะสร้างบ้านหรือทำธุรกิจ ราคา 1,050,000 บาท (ที่ดินอุบลราชธานี ริมแม่น้ำมูล ทำเลดี)', 15.2718, 104.8472, NULL),
(60, 'ที่ดินโกลด์เดนฟิลด์', '[\"https://images.unsplash.com/photo-1507209696990-ec5a2e5d6a10?w=400\"]', 1450000.00, 'ที่ดินลำปาง ติดถนน เหมาะทำธุรกิจ', 'เมืองลำปาง ลำปาง 52000', 'ลำปาง', 'เมืองลำปาง', 'หัวเวียง', 0, 0, 1000.00, 0, 'ที่ดิน', '2026-04-16 09:00:00', 43, 'ขาย', 'ที่ดินเปล่าสำหรับขาย ตั้งอยู่ในอำเภอเมืองลำปาง จังหวัดลำปาง พื้นที่รวม 1,000 ตร.ม. ทำเลศักยภาพ ติดถนนสะดวก เหมาะสร้างบ้านหรือทำธุรกิจ ราคา 1,450,000 บาท (ที่ดินลำปาง ติดถนน เหมาะทำธุรกิจ)', 18.2588, 99.4969, NULL),
(61, 'ที่ดินโลตัส', '[\"https://images.unsplash.com/photo-1506377247377-2a5b3b417ebb?w=400\"]', 1200000.00, 'ที่ดินนครศรีธรรมราช ใกล้วัดพระมหาธาตุ', 'เมืองนครศรีธรรมราช นครศรีธรรมราช 80000', 'นครศรีธรรมราช', 'เมืองนครศรีธรรมราช', 'ในเมือง', 0, 0, 800.00, 0, 'ที่ดิน', '2026-04-16 11:00:00', 43, 'ขาย', 'ที่ดินเปล่าสำหรับขาย ตั้งอยู่ในอำเภอเมืองนครศรีธรรมราช จังหวัดนครศรีธรรมราช พื้นที่รวม 800 ตร.ม. ทำเลศักยภาพ ติดถนนสะดวก เหมาะสร้างบ้านหรือทำธุรกิจ ราคา 1,200,000 บาท (ที่ดินนครศรีธรรมราช ใกล้วัดพระมหาธาตุ)', 8.402, 99.9686, NULL),
(62, 'ที่ดินฮอไรซั่น', '[\"https://images.unsplash.com/photo-1506377247377-2a5b3b417ebb?w=400\"]', 2050000.00, 'ที่ดินเชียงใหม่ ติดถนน ใกล้สนามบินนานาชาติ', 'เมืองเชียงใหม่ เชียงใหม่ 50000', 'เชียงใหม่', 'เมืองเชียงใหม่', 'ช้างม่อย', 0, 0, 1200.00, 0, 'ที่ดิน', '2026-04-16 14:00:00', 43, 'ขาย', 'ที่ดินเปล่าสำหรับขาย ตั้งอยู่ในอำเภอเมืองเชียงใหม่ จังหวัดเชียงใหม่ พื้นที่รวม 1,200 ตร.ม. ทำเลศักยภาพ ติดถนนสะดวก เหมาะสร้างบ้านหรือทำธุรกิจ ราคา 2,050,000 บาท (ที่ดินเชียงใหม่ ติดถนน ใกล้สนามบินนานาชาติ)', 18.7643, 98.9943, NULL);

-- --------------------------------------------------------

--
-- Table structure for table `roles`
--

CREATE TABLE `roles` (
  `id` int NOT NULL,
  `name` varchar(50) COLLATE utf8mb4_unicode_ci NOT NULL
) ENGINE=InnoDB DEFAULT CHARSET=utf8mb4 COLLATE=utf8mb4_unicode_ci;

--
-- Dumping data for table `roles`
--

INSERT INTO `roles` (`id`, `name`) VALUES
(1, 'Admin'),
(3, 'Buyer'),
(2, 'Seller');

-- --------------------------------------------------------

--
-- Table structure for table `sellerprofile`
--

CREATE TABLE `sellerprofile` (
  `id` int NOT NULL,
  `namesurname` varchar(100) COLLATE utf8mb4_unicode_ci NOT NULL,
  `address` varchar(200) COLLATE utf8mb4_unicode_ci NOT NULL,
  `document` varchar(255) COLLATE utf8mb4_unicode_ci NOT NULL
) ENGINE=InnoDB DEFAULT CHARSET=utf8mb4 COLLATE=utf8mb4_unicode_ci;

--
-- Dumping data for table `sellerprofile`
--

INSERT INTO `sellerprofile` (`id`, `namesurname`, `address`, `document`) VALUES
(43, 'e e', 'EEE', 'ee-1775912349408-Shin_Godzilla.png'),
(44, 'd e', 'DDD', 'DD-1775911777223-download.jpg'),
(45, 'supan nicholas', '123/123asdfmxcklvjmopqewf', 'supan-1776024911994-à¹à¸à¸à¸à¸­à¸£à¹à¸¡à¸à¸±à¸à¸à¸¶à¸à¸à¸´à¸à¸à¸£à¸£à¸¡à¸à¸´à¸à¸­à¸²à¸ªà¸².pdf'),
(46, 'A B', 'A-Z', 'A-1775911147049-download (5).jpg'),
(52, 'supichart pitarat', '123/12 abcd abcd abcd bankok 12345', 'seller-1776620420152-verifydocument (1).pdf');

-- --------------------------------------------------------

--
-- Table structure for table `users`
--

CREATE TABLE `users` (
  `id` int NOT NULL,
  `username` varchar(50) CHARACTER SET utf8mb4 COLLATE utf8mb4_unicode_ci NOT NULL,
  `password` varchar(100) CHARACTER SET utf8mb4 COLLATE utf8mb4_unicode_ci NOT NULL,
  `role_id` int NOT NULL,
  `status` varchar(50) COLLATE utf8mb4_unicode_ci DEFAULT 'active',
  `email` varchar(50) COLLATE utf8mb4_unicode_ci NOT NULL,
  `phone` varchar(15) COLLATE utf8mb4_unicode_ci DEFAULT NULL
) ENGINE=InnoDB DEFAULT CHARSET=utf8mb4 COLLATE=utf8mb4_unicode_ci;

--
-- Dumping data for table `users`
--

INSERT INTO `users` (`id`, `username`, `password`, `role_id`, `status`, `email`, `phone`) VALUES
(5, 'GUMOHOLAMENG', '$2b$10$a0A6nWHnprsqWg3acyH7KewMUncp2ZvUmxdTqvLqnSszPX3aPDdDW', 2, 'Active', 'gumoholameng@example.com', '082-345-6789'),
(7, 'GUMA', '$2b$10$H0DM9XuJ2npqnpVm4/2/DefWy6V0LK0/JzIl9heFbLDJiu665ACVG', 2, 'Active', 'guma@example.com', '083-456-7890'),
(8, 'MAGAO', '$2b$10$eMvoYEv7rY3Xxa8oj20bLeHJXS0XpaSkwgzTiGjuIs5g7kPVkkV0W', 2, 'Active', 'magao@example.com', '084-567-8901'),
(9, 'GAMU', '$2b$10$hlY4B5ZnM8xARPohYEzKY.6lxyjdLBS0vJeQPaXNRhpfXpCO5DrCO', 2, 'Active', 'gamu@example.com', '081-234-5678'),
(10, 'suwat', '$2b$10$K18vSiFPJch4IEnr2Q6Uw.ULR3HHLWd3IneWxYroKWBHpp/3Nb4fe', 2, 'active', 'suwat@example.com', '085-678-9012'),
(11, 'suwit', '$2b$10$1pJXjflHnsnPuYiZEm0WSeIelQFpJmVBfxaN4Ft/GnadrqxoD4HOG', 3, 'Active', 'suwit@example.com', '086-111-0011'),
(12, 'sukit', '$2y$10$A4worvLoJMevC59E.QPXOeq8a2cKOdlH8d68DjogZ2juhOWWu6MCS', 3, 'Active', 'sukit@example.com', '086-111-0012'),
(13, 'skfsseait', '$2b$10$.4.Ij.pC.pj1BOYLOZq.CuNepRBcUeZmfJ23FSG.IZfOP1s49N8rW', 3, 'active', 'skfsseait@example.com', '086-111-0013'),
(14, 'skfssdeait', '$2b$10$4U8Yt6Or.RVo/qUeI9qyY.OJhjQSITsDeMLdx1.sockwHgs1s3EtO', 3, 'Active', 'skfssdeait@example.com', '086-111-0014'),
(15, 'sksdeait', '$2b$10$aNyxBgVlGl.z8IMvdAeh7OeIazVXHVNel2F/kHX7KuWi3KKv.5kLm', 3, 'Active', 'sksdeait@example.com', '086-111-0015'),
(16, 'sksait', '$2b$10$QqAmefda2WUG6Oj6Qm.wEO.ABaKoA7AfvaY/V2GbhG.QIAYTiD29C', 3, 'active', 'sksait@example.com', '086-111-0016'),
(17, 'sksdf', '$2b$10$58ivTI6vkvH9z.bfPL2MaOhP1mBwtrrp2zGp4ai9PI1InYtCM0uu2', 3, 'Active', 'sksdf@example.com', '086-111-0017'),
(19, 'sksdxcf', '$2b$10$SzHFaMujQc.cVnanionaK.F7rggVo51mcQuI0yc1zyb1R5zu3Cf2y', 3, 'Active', 'sksdxcf@example.com', '086-111-0019'),
(20, 'sksdxdfcf', '$2b$10$XyBkH0URfhS/0OPVB9eGWOIvafRnR1QDcsXyhRZqfMt6qtpTgm1GG', 3, 'Active', 'sksdxdfcf@example.com', '086-111-0020'),
(21, 'sksdxsdfcf', '$2b$10$QmUm5qSjtWlRPueB0L6WtOzc7D/7v7uKoCIwmPh15ihf6enn31PPG', 3, 'Active', 'sksdxsdfcf@example.com', '086-111-0021'),
(22, 'john_doe', '$2b$10$nQxMwU6VT1YsyCG5IAX7ve4eIeAYyKqQxhl8KLdL0BzDic1nBqYY.', 1, 'active', 'johndoe@example.com', '086-111-0022'),
(24, 'test123', '$2y$10$KpZtYnQ/IdZFJ9Isv4OzdeucDepPSGJEKqG12vfvkMCYCT5seRRBG', 2, 'active', 'test123@example.com', '086-111-0024'),
(27, 'test12', '$2b$10$BNlc3Ggq9V5/uxf.uJX4le0oy8BIvs96rokKalT2ZD.oDjld73lBG', 2, 'active', 'test12@example.com', '086-111-0027'),
(28, 'te', '$2b$10$NILdW7YZjhpjVuVrJ.J2j.ONakE6GA8h8v6w5rgkLfFziAwe59RJG', 2, 'active', 'te@example.com', '086-111-0028'),
(29, 'te12', '$2b$10$/2trAl.glZtfzqhkGnRu2.mGfgiqJTaRbaHXvZzyZrz3b4IKHM2x6', 2, 'active', 'te12@example.com', '086-111-0029'),
(30, 'te0', '$2b$10$/brY5s4nlMDVYg5vp7P4h.iyDLG7vYS6PC8Aqm5gRPud1HARO60Ju', 2, 'active', 'te0@example.com', '086-111-0030'),
(32, 'te00', '$2b$10$Bz6PZ0XXoY5zQICPjozVz.12qjT2uey5UWAsabv2PBwho69AAEh66', 2, 'active', 'te00@example.com', '086-111-0032'),
(34, 'te01', '$2b$10$58rO6vkK9aXodaL9KzsE0O5KC5K1KiI550Kv7hcK2IwfjXNP/kEJW', 2, 'active', 'te01@example.com', '086-111-0034'),
(35, 'te02', '$2b$10$zaarSFK/TkTJGi.ro/eppOIZSHgajG8TVvjOFM6P9ARqdYqaCAJUC', 2, 'suspended', 'te02@example.com', '086-111-0035'),
(36, 'te03', '$2b$10$cYPyF0utwSXViVRmy3c70uDRXoVAsMofkqaCblWXFjDFu0tv9aQze', 3, 'suspended', 'te03@example.com', '086-111-0036'),
(37, 'sa', '$2b$10$9kQtLrYSWONR8/z12z7zn.AV28Xb8JF6uPKFJNDbDv1TZHxV83eKi', 3, 'active', 'sa@example.com', '086-111-0037'),
(43, 'ee', '$2b$10$abRRHo924ih4fNgJVInC9OUsnBeh8HrM4GDuVgKKbuL0nNIbqXWq.', 2, 'active', 'ee@example.com', '086-111-0043'),
(44, 'DD', '$2b$10$qGM6RqzJKod7ziiZFKia0eY1Bfihuo.RJjPkk7Rype1oW1sTWGQHa', 2, 'active', 'dd@example.com', '086-111-0044'),
(45, 'supan', '$2b$10$1Vfwnax1d9IhQ5YgO6DRAejURXvDdTr1pdt67FtuYfZW9fD1UG5Da', 1, 'active', 'supan@example.com', '086-111-0045'),
(46, 'A', '$2b$10$jIK/J8zen6yF02LALa608.YCSQaev3cpHyRoVYQJIRl58jRkBe/UC', 2, 'active', 'a@example.com', '086-111-0046'),
(47, 'sitta', '$2b$10$r4qEfreLOzQo9AN/ZxL65uN61dAQWRufSZfJAR7UzAmRKnHabSR4u', 3, 'active', 'sitta@example.com', '086-111-0047'),
(48, 'apiuser123', '$2b$10$udaAP/2uLbQ7Z58kV7Tho.TcNmVSTAT/2jaawXmuTcYMQc3whJ5.S', 3, 'active', 'apiuser123@example.com', '086-111-0048'),
(49, 'apiuser1234', '$2b$10$IuAOelEkl926i86rzmMjE.E8FGAlb4OnTHmePZgaryBqDBJXLNb.O', 3, 'active', 'apiuser1234@example.com', '086-111-0049'),
(50, 'Der_GroBe', '$2b$10$hqSAEzOKbWvSzJ6vcAp5tuLIJNcIlFXy9Jfj0Y3JAEW5r5mw/Mlye', 3, 'active', 'intouchchaipetch@gmail.com', '0943134145'),
(51, 'admin', '$2b$10$GlVh6osTp8tAtmuCzOF1WujzmnM21z.onP51l3Avc8Vpxl.ageICi', 1, 'active', 'admin@email.com', NULL),
(52, 'seller', '$2b$10$0dKtpmS2UhgyoeYmzMUm8uwnHMw1Hbwl3mZttw4Rl7vk4TzzJvTqW', 2, 'active', 'seller@example.com', NULL),
(53, 'buyer', '$2b$10$ZLGMZtwETLgC/1eX2U.Gqulx8TrrA1jLfoWnrXuR55IGHPuZbSwkW', 3, 'active', 'buyer@email.com', '012322233');

-- --------------------------------------------------------

--
-- Table structure for table `verifyseller`
--

CREATE TABLE `verifyseller` (
  `id` int NOT NULL,
  `username` varchar(50) CHARACTER SET utf8mb4 COLLATE utf8mb4_unicode_ci NOT NULL,
  `password` varchar(100) COLLATE utf8mb4_unicode_ci NOT NULL,
  `role_id` int NOT NULL,
  `address` varchar(200) CHARACTER SET utf8mb4 COLLATE utf8mb4_unicode_ci NOT NULL,
  `document` varchar(255) CHARACTER SET utf8mb4 COLLATE utf8mb4_unicode_ci NOT NULL,
  `namesurname` varchar(100) COLLATE utf8mb4_unicode_ci NOT NULL,
  `email` varchar(50) COLLATE utf8mb4_unicode_ci NOT NULL,
  `phone` varchar(15) CHARACTER SET utf8mb4 COLLATE utf8mb4_unicode_ci NOT NULL
) ENGINE=InnoDB DEFAULT CHARSET=utf8mb4 COLLATE=utf8mb4_unicode_ci;

--
-- Dumping data for table `verifyseller`
--

INSERT INTO `verifyseller` (`id`, `username`, `password`, `role_id`, `address`, `document`, `namesurname`, `email`, `phone`) VALUES
(11, 'verify', '$2b$10$Dq8S6u6ko5CimIqcB2N5CefxJi.twRllLsybRVXo1IBsmP.UcZTUm', 2, '123/123/123/123 10000 ', 'verify-1776633789687-EX2 (3).pdf', 'verify test', 'verify@example.com', '012344332');

--
-- Indexes for dumped tables
--

--
-- Indexes for table `articles`
--
ALTER TABLE `articles`
  ADD PRIMARY KEY (`id`);

--
-- Indexes for table `property`
--
ALTER TABLE `property`
  ADD PRIMARY KEY (`ID`),
  ADD KEY `seller_id` (`seller_id`);

--
-- Indexes for table `roles`
--
ALTER TABLE `roles`
  ADD PRIMARY KEY (`id`),
  ADD UNIQUE KEY `name` (`name`);

--
-- Indexes for table `sellerprofile`
--
ALTER TABLE `sellerprofile`
  ADD PRIMARY KEY (`id`);

--
-- Indexes for table `users`
--
ALTER TABLE `users`
  ADD PRIMARY KEY (`id`),
  ADD UNIQUE KEY `username` (`username`),
  ADD KEY `role_id` (`role_id`);

--
-- Indexes for table `verifyseller`
--
ALTER TABLE `verifyseller`
  ADD PRIMARY KEY (`id`),
  ADD UNIQUE KEY `username` (`username`,`namesurname`),
  ADD KEY `role_id` (`role_id`);

--
-- AUTO_INCREMENT for dumped tables
--

--
-- AUTO_INCREMENT for table `articles`
--
ALTER TABLE `articles`
  MODIFY `id` int NOT NULL AUTO_INCREMENT, AUTO_INCREMENT=6;

--
-- AUTO_INCREMENT for table `property`
--
ALTER TABLE `property`
  MODIFY `ID` int NOT NULL AUTO_INCREMENT, AUTO_INCREMENT=64;

--
-- AUTO_INCREMENT for table `users`
--
ALTER TABLE `users`
  MODIFY `id` int NOT NULL AUTO_INCREMENT, AUTO_INCREMENT=54;

--
-- AUTO_INCREMENT for table `verifyseller`
--
ALTER TABLE `verifyseller`
  MODIFY `id` int NOT NULL AUTO_INCREMENT, AUTO_INCREMENT=12;

--
-- Constraints for dumped tables
--

--
-- Constraints for table `property`
--
ALTER TABLE `property`
  ADD CONSTRAINT `property_ibfk_1` FOREIGN KEY (`seller_id`) REFERENCES `users` (`id`) ON DELETE CASCADE;

--
-- Constraints for table `sellerprofile`
--
ALTER TABLE `sellerprofile`
  ADD CONSTRAINT `sellerprofile_ibfk_1` FOREIGN KEY (`id`) REFERENCES `users` (`id`) ON DELETE CASCADE ON UPDATE CASCADE;

--
-- Constraints for table `users`
--
ALTER TABLE `users`
  ADD CONSTRAINT `users_ibfk_1` FOREIGN KEY (`role_id`) REFERENCES `roles` (`id`);

--
-- Constraints for table `verifyseller`
--
ALTER TABLE `verifyseller`
  ADD CONSTRAINT `verifyseller_ibfk_1` FOREIGN KEY (`role_id`) REFERENCES `roles` (`id`);
COMMIT;

/*!40101 SET CHARACTER_SET_CLIENT=@OLD_CHARACTER_SET_CLIENT */;
/*!40101 SET CHARACTER_SET_RESULTS=@OLD_CHARACTER_SET_RESULTS */;
/*!40101 SET COLLATION_CONNECTION=@OLD_COLLATION_CONNECTION */;
